Date,BITCOIN,ETHEREUM,HDFC,ICICI,BANKNIFTY,NIFTY,GOLD,GBPUSD,USDINR
2014-09-17,457.3340148925781,,391.4780578613281,253.14434814453125,15838.4150390625,7975.5,1234.4000244140625,1.6265981197357178,61.053001403808594
2014-09-18,424.44000244140625,,396.9127197265625,258.9775695800781,16156.662109375,8114.75,1225.699951171875,1.6268097162246704,60.90800094604492
2014-09-19,394.7959899902344,,397.8840026855469,260.1690979003906,16151.962890625,8121.4501953125,1215.300048828125,1.643709421157837,60.689998626708984
2014-09-20,408.90399169921875,,,,,,,,
2014-09-21,398.8210144042969,,,,,,,,
2014-09-22,402.1520080566406,,396.3113708496094,261.26953125,16194.361328125,8146.2998046875,1216.800048828125,1.6319869756698608,60.85300064086914
2014-09-23,435.7909851074219,,392.61126708984375,254.59237670898438,15902.6650390625,8017.5498046875,1221.0,1.6371970176696777,61.0
2014-09-24,423.2049865722656,,395.66387939453125,250.93519592285156,15740.1171875,8002.39990234375,1218.5999755859375,1.6393711566925049,60.97999954223633
2014-09-25,411.5740051269531,,393.1200256347656,242.47914123535156,15298.8720703125,7911.85009765625,1221.199951171875,1.6324131488800049,60.810001373291016
2014-09-26,404.42498779296875,,403.15673828125,244.57244873046875,15607.068359375,7968.85009765625,1214.0999755859375,1.6331329345703125,61.4900016784668
2014-09-27,399.5199890136719,,,,,,,,
2014-09-28,377.1809997558594,,,,,,,,
2014-09-29,375.4670104980469,,400.1271667480469,241.3538818359375,15473.3701171875,7958.89990234375,1217.5,1.6238247156143188,61.13800048828125
2014-09-30,386.9440002441406,,403.6192321777344,237.22511291503906,15392.0712890625,7964.7998046875,1210.5,1.624220371246338,61.553001403808594
2014-10-01,383.614990234375,,401.4684753417969,236.4473876953125,15316.0224609375,7945.5498046875,1214.5999755859375,1.6213761568069458,61.81999969482422
2014-10-02,375.0719909667969,,,,,,1214.199951171875,1.6192234754562378,61.7130012512207
2014-10-03,359.5119934082031,,,,,,1192.199951171875,1.6160049438476562,61.439998626708984
2014-10-04,328.8659973144531,,,,,,,,
2014-10-05,320.510009765625,,,,,,,,
2014-10-06,330.0790100097656,,,,,,1206.699951171875,1.5963984727859497,61.53799819946289
2014-10-07,336.18701171875,,398.90155029296875,236.5797576904297,15180.0732421875,7852.39990234375,1211.699951171875,1.6075102090835571,61.209999084472656
2014-10-08,352.94000244140625,,401.2834777832031,239.7073516845703,15343.8212890625,7842.7001953125,1205.300048828125,1.608906865119934,61.27000045776367
2014-10-09,365.0260009765625,,410.533935546875,246.30178833007812,15741.017578125,7960.5498046875,1224.5999755859375,1.616292119026184,60.880001068115234
2014-10-10,361.56201171875,,401.14471435546875,241.42835998535156,15453.6201171875,7859.9501953125,1221.0,1.6122791767120361,61.02000045776367
2014-10-11,362.29901123046875,,,,,,,,
2014-10-12,378.54901123046875,,,,,,,,
2014-10-13,390.41400146484375,,405.5387268066406,244.56414794921875,15677.3173828125,7884.25,1229.300048828125,1.60929536819458,61.27799987792969
2014-10-14,400.8699951171875,,401.6304016113281,244.58900451660156,15751.3671875,7864.0,1233.5999755859375,1.6066838502883911,61.00299835205078
2014-10-15,394.77301025390625,,401.6304016113281,244.58900451660156,,,1244.0999755859375,1.589142918586731,61.393001556396484
2014-10-16,382.5559997558594,,397.2364196777344,241.69308471679688,15541.4189453125,7748.2001953125,1240.5,1.599206805229187,61.37300109863281
2014-10-17,383.75799560546875,,409.44708251953125,249.08180236816406,15929.6142578125,7779.7001953125,1238.300048828125,1.609606146812439,61.722999572753906
2014-10-18,391.4419860839844,,,,,,,,
2014-10-19,389.5459899902344,,,,,,,,
2014-10-20,382.8450012207031,,413.40155029296875,254.32757568359375,16216.4111328125,7879.39990234375,1244.0,1.6092175245285034,61.358001708984375
2014-10-21,386.4750061035156,,414.21099853515625,261.8072814941406,16427.05859375,7927.75,1251.0,1.6159005165100098,61.22800064086914
2014-10-22,383.1579895019531,,413.3322448730469,259.9704895019531,16444.5078125,7995.89990234375,1244.800048828125,1.611499547958374,61.143001556396484
2014-10-23,358.4169921875,,,,,,1228.5,1.6044925451278687,61.099998474121094
2014-10-24,358.3450012207031,,,,,,1231.199951171875,1.6029495000839233,61.130001068115234
2014-10-25,347.27099609375,,,,,,,,
2014-10-26,354.7040100097656,,,,,,,,
2014-10-27,352.989013671875,,414.9972229003906,260.30975341796875,16556.40625,7991.7001953125,1229.0999755859375,1.60929536819458,61.16299819946289
2014-10-28,357.6180114746094,,414.0953063964844,264.9762268066406,16666.806640625,8027.60009765625,1229.199951171875,1.6124871969223022,61.29800033569336
2014-10-29,335.59100341796875,,412.3608703613281,265.7374267578125,16633.857421875,8090.4501953125,1224.300048828125,1.6142832040786743,61.180999755859375
2014-10-30,345.30499267578125,,414.7197570800781,267.09442138671875,16759.85546875,8169.2001953125,1198.0999755859375,1.600563406944275,61.28300094604492
2014-10-31,338.3210144042969,,421.75006103515625,269.1794738769531,17044.853515625,8322.2001953125,1171.0999755859375,1.600102424621582,61.43299865722656
2014-11-01,325.7489929199219,,,,,,,,
2014-11-02,325.8919982910156,,,,,,,,
2014-11-03,327.5539855957031,,421.2181701660156,272.33184814453125,17133.900390625,8324.150390625,1169.4000244140625,1.597367525100708,61.39799880981445
2014-11-04,330.49200439453125,,,,,,1167.4000244140625,1.5978779792785645,61.41299819946289
2014-11-05,339.4859924316406,,422.189453125,276.57647705078125,17352.748046875,8338.2998046875,1145.4000244140625,1.6006401777267456,61.28799819946289
2014-11-06,349.2900085449219,,,,,,1142.300048828125,1.5964748859405518,61.369998931884766
2014-11-07,342.4150085449219,,416.01483154296875,278.7856140136719,17346.849609375,8337.0,1169.5999755859375,1.5841333866119385,61.49300003051758
2014-11-08,345.4880065917969,,,,,,,,
2014-11-09,363.2640075683594,,,,,,,,
2014-11-10,366.92401123046875,,418.4199523925781,275.8566589355469,17262.19921875,8344.25,1159.5999755859375,1.5885119438171387,61.51300048828125
2014-11-11,367.69500732421875,,419.9231262207031,278.9263000488281,17389.998046875,8362.650390625,1162.800048828125,1.585338830947876,61.529998779296875
2014-11-12,423.5610046386719,,421.703857421875,282.63311767578125,17586.845703125,8383.2998046875,1158.9000244140625,1.592610239982605,61.4900016784668
2014-11-13,420.7349853515625,,423.64642333984375,280.07635498046875,17452.796875,8357.849609375,1161.0999755859375,1.576889157295227,61.36800003051758
2014-11-14,397.8179931640625,,430.19110107421875,280.0433044433594,17576.595703125,8389.900390625,1185.0,1.5702284574508667,61.59299850463867
2014-11-15,376.13299560546875,,,,,,,,
2014-11-16,387.8819885253906,,,,,,,,
2014-11-17,387.4079895019531,,425.03399658203125,276.9902038574219,17640.1953125,8430.75,1183.0,1.5666369199752808,61.70800018310547
2014-11-18,375.197998046875,,431.16241455078125,278.20648193359375,17702.345703125,8425.900390625,1196.699951171875,1.5640885829925537,61.823001861572266
2014-11-19,380.55499267578125,,428.5491638183594,278.4877624511719,17585.4453125,8382.2998046875,1193.5999755859375,1.5628662109375,61.71799850463867
2014-11-20,357.8399963378906,,424.6870422363281,279.32342529296875,17644.845703125,8401.900390625,1190.699951171875,1.5673490762710571,61.9379997253418
2014-11-21,350.8479919433594,,431.4630126953125,286.39776611328125,18056.091796875,8477.349609375,1197.5,1.5694891214370728,61.92300033569336
2014-11-22,352.9200134277344,,,,,,,,
2014-11-23,367.572998046875,,,,,,,,
2014-11-24,376.9010009765625,,437.1751708984375,293.4472961425781,18281.736328125,8530.150390625,1195.5,1.5648717880249023,61.7599983215332
2014-11-25,375.3479919433594,,441.03717041015625,287.481689453125,18036.841796875,8463.099609375,1197.0999755859375,1.5697108507156372,61.85300064086914
2014-11-26,368.3699951171875,,439.99652099609375,283.03851318359375,17975.740234375,8475.75,1196.5999755859375,1.572104573249817,61.84000015258789
2014-11-27,369.6700134277344,,438.53961181640625,285.15667724609375,18022.291015625,8494.2001953125,,1.5789058208465576,61.78799819946289
2014-11-28,376.4469909667969,,442.70233154296875,290.3196716308594,18512.935546875,8588.25,1175.199951171875,1.5724753141403198,61.85300064086914
2014-11-29,375.4909973144531,,,,,,,,
2014-11-30,378.0469970703125,,,,,,,,
2014-12-01,379.2449951171875,,439.3952941894531,290.940185546875,18525.0859375,8555.900390625,1218.0,1.5612071752548218,62.202999114990234
2014-12-02,381.31500244140625,,436.2963562011719,292.9839172363281,18555.634765625,8524.7001953125,1199.199951171875,1.5734403133392334,61.948001861572266
2014-12-03,375.010009765625,,431.5786437988281,296.8893127441406,18645.6328125,8537.650390625,1208.5,1.5646514892578125,61.78799819946289
2014-12-04,369.60400390625,,435.4175720214844,299.6859130859375,18782.630859375,8564.400390625,1207.5,1.5694153308868408,61.85599899291992
2014-12-05,376.85400390625,,436.0419616699219,297.70013427734375,18756.53125,8538.2998046875,1190.0999755859375,1.567865014076233,61.78300094604492
2014-12-06,374.7850036621094,,,,,,,,
2014-12-07,375.0950012207031,,,,,,,,
2014-12-08,361.90899658203125,,428.8266906738281,292.7356872558594,18509.8359375,8438.25,1194.699951171875,1.556565523147583,61.9109992980957
2014-12-09,352.218994140625,,428.6416015625,289.9224853515625,18290.4375,8340.7001953125,1231.5,1.565165638923645,61.81800079345703
2014-12-10,346.364990234375,,430.7923278808594,291.2876892089844,18462.734375,8355.650390625,1228.9000244140625,1.5687997341156006,61.87300109863281
2014-12-11,350.5060119628906,,431.8099365234375,287.8953857421875,18404.78515625,8292.900390625,1225.0999755859375,1.5747040510177612,62.00299835205078
2014-12-12,352.5419921875,,430.838623046875,286.5301818847656,18299.537109375,8224.099609375,1222.0,1.572252869606018,62.472999572753906
2014-12-13,347.3760070800781,,,,,,,,
2014-12-14,351.6319885253906,,,,,,,,
2014-12-15,345.3450012207031,,435.4638671875,285.6614074707031,18372.4375,8219.599609375,1207.199951171875,1.5727968215942383,62.518001556396484
2014-12-16,327.06201171875,,428.1790771484375,273.62261962890625,17830.34375,8067.60009765625,1193.9000244140625,1.5645290613174438,63.167999267578125
2014-12-17,319.7760009765625,,426.3752746582031,274.9878234863281,17865.54296875,8029.7998046875,1194.300048828125,1.5745303630828857,63.65299987792969
2014-12-18,311.39599609375,,432.0180969238281,286.0751037597656,18326.38671875,8159.2998046875,1194.699951171875,1.5573413372039795,63.518001556396484
2014-12-19,317.8429870605469,,435.44073486328125,294.5559997558594,18478.685546875,8225.2001953125,1195.9000244140625,1.5670051574707031,62.983001708984375
2014-12-20,329.95599365234375,,,,,,,,
2014-12-21,320.8429870605469,,,,,,,,
2014-12-22,331.885986328125,,445.7317810058594,297.20361328125,18747.130859375,8324.0,1179.699951171875,1.5629639625549316,63.2400016784668
2014-12-23,334.5719909667969,,443.9048767089844,292.0737609863281,18603.533203125,8267.0,1177.9000244140625,1.557778000831604,63.222999572753906
2014-12-24,322.53399658203125,,437.1983337402344,292.156494140625,18535.134765625,8174.10009765625,1173.5,1.5522165298461914,63.43299865722656
2014-12-25,319.00799560546875,,,,,,,1.5562022924423218,63.400001525878906
2014-12-26,327.92401123046875,,438.77081298828125,290.3775939941406,18556.984375,8200.7001953125,1195.300048828125,1.5562022924423218,63.51300048828125
2014-12-27,315.8630065917969,,,,,,,,
2014-12-28,317.239013671875,,,,,,,,
2014-12-29,312.6700134277344,,440.1815185546875,288.8882751464844,18528.134765625,8246.2998046875,1181.699951171875,1.5553550720214844,63.59000015258789
2014-12-30,310.73699951171875,,442.3785705566406,289.7983703613281,18647.333984375,8248.25,1200.199951171875,1.5515903234481812,63.66299819946289
2014-12-31,320.1929931640625,,440.1352844238281,292.156494140625,18736.431640625,8282.7001953125,1183.9000244140625,1.5569047927856445,63.37799835205078
2015-01-01,314.2489929199219,,440.3434143066406,291.49456787109375,,,,1.558093547821045,63.02799987792969
2015-01-02,315.0320129394531,,446.4718322753906,299.7686767578125,19057.580078125,8395.4501953125,1186.0,1.5579720735549927,63.02799987792969
2015-01-03,281.0820007324219,,,,,,,,
2015-01-04,264.19500732421875,,,,,,,,
2015-01-05,274.4739990234375,,442.70233154296875,300.3891296386719,19017.1796875,8378.400390625,1203.9000244140625,1.5284910202026367,63.27799987792969
2015-01-06,286.1889953613281,,435.8106994628906,287.6471252441406,18430.53515625,8127.35009765625,1219.300048828125,1.5258322954177856,63.3380012512207
2015-01-07,294.3370056152344,,437.0826110839844,279.8695373535156,18304.037109375,8102.10009765625,1210.5999755859375,1.5137982368469238,63.56800079345703
2015-01-08,283.3489990234375,,446.2637023925781,287.481689453125,18701.18359375,8234.599609375,1208.4000244140625,1.5107566118240356,63.27299880981445
2015-01-09,290.4079895019531,,451.25897216796875,282.8482360839844,18637.033203125,8284.5,1216.0,1.5087963342666626,62.667999267578125
2015-01-10,274.7959899902344,,,,,,,,
2015-01-11,265.6600036621094,,,,,,,,
2015-01-12,267.7959899902344,,447.28118896484375,286.73699951171875,18795.630859375,8323.0,1232.699951171875,1.5189489126205444,62.347999572753906
2015-01-13,225.86099243164062,,445.5699157714844,282.0621643066406,18706.982421875,8299.400390625,1234.300048828125,1.5170363187789917,62.06800079345703
2015-01-14,178.10299682617188,,445.8243408203125,278.7525634765625,18603.583984375,8277.5498046875,1234.4000244140625,1.5170363187789917,61.972999572753906
2015-01-15,209.843994140625,,459.35308837890625,291.94964599609375,19235.427734375,8494.150390625,1264.699951171875,1.5234380960464478,62.0880012512207
2015-01-16,208.0970001220703,,463.1457214355469,292.7771301269531,19222.927734375,8513.7998046875,1276.9000244140625,1.5181187391281128,62.05799865722656
2015-01-17,199.25999450683594,,,,,,,,
2015-01-18,210.33900451660156,,,,,,,,
2015-01-19,214.86099243164062,,464.6258239746094,298.5274963378906,19405.826171875,8550.7001953125,,1.5142109394073486,61.862998962402344
2015-01-20,211.31500244140625,,472.21112060546875,304.2779541015625,19766.8203125,8695.599609375,1294.199951171875,1.5090012550354004,61.63800048828125
2015-01-21,226.89700317382812,,471.7486877441406,304.857177734375,19843.01953125,8729.5,1293.699951171875,1.5147384405136108,61.64799880981445
2015-01-22,233.406005859375,,472.3499450683594,305.97412109375,19917.41796875,8761.400390625,1300.699951171875,1.5144860744476318,61.553001403808594
2015-01-23,232.87899780273438,,482.3172302246094,306.71881103515625,20072.466796875,8835.599609375,1292.5999755859375,1.5013211965560913,61.597999572753906
2015-01-24,247.8470001220703,,,,,,,,
2015-01-25,253.71800231933594,,,,,,,,
2015-01-26,273.4729919433594,,,,,,1279.4000244140625,1.4995876550674438,61.43299865722656
2015-01-27,263.4750061035156,,496.7710876464844,317.3096008300781,20555.01171875,8910.5,1291.699951171875,1.5085458755493164,61.472999572753906
2015-01-28,233.9149932861328,,489.5093994140625,317.7646484375,20491.51171875,8914.2998046875,1285.9000244140625,1.5188103914260864,61.40299987792969
2015-01-29,233.51300048828125,,506.46087646484375,314.6618957519531,20528.361328125,8952.349609375,1254.5999755859375,1.5142338275909424,61.35100173950195
2015-01-30,226.4250030517578,,498.2972717285156,298.4447937011719,19843.51953125,8808.900390625,1278.5,1.5079090595245361,61.79600143432617
2015-01-31,217.46400451660156,,,,,,,,
2015-02-01,226.9720001220703,,,,,,,,
2015-02-02,238.22900390625,,500.2630920410156,291.12225341796875,19865.669921875,8797.400390625,1276.199951171875,1.5087052583694458,62.01300048828125
2015-02-03,227.26800537109375,,492.1689758300781,286.7783508300781,19382.724609375,8756.5498046875,1259.699951171875,1.5028102397918701,61.72800064086914
2015-02-04,226.85299682617188,,493.833984375,285.1649475097656,19173.77734375,8723.7001953125,1263.800048828125,1.5142109394073486,61.61399841308594
2015-02-05,217.11099243164062,,497.9041442871094,277.67694091796875,19051.6796875,8711.7001953125,1262.0,1.5180034637451172,61.86000061035156
2015-02-06,222.26600646972656,,487.2662048339844,272.5056457519531,,8661.0498046875,1233.9000244140625,1.5325905084609985,61.733001708984375
2015-02-07,227.75399780273438,,,,,,,,
2015-02-08,223.41200256347656,,,,,,,,
2015-02-09,220.11000061035156,,481.0684814453125,264.810791015625,18403.634765625,8526.349609375,1240.800048828125,1.523902416229248,61.9630012512207
2015-02-10,219.83900451660156,,487.70556640625,273.9122619628906,18752.28125,8565.5498046875,1231.5999755859375,1.5216069221496582,62.130001068115234
2015-02-11,219.18499755859375,,489.5326232910156,276.93231201171875,18940.580078125,8627.400390625,1219.0,1.526205062866211,62.34199905395508
2015-02-12,221.76400756835938,,497.67291259765625,280.6142272949219,19128.376953125,8711.5498046875,1220.0999755859375,1.5242739915847778,62.38199996948242
2015-02-13,235.427001953125,,492.95526123046875,284.5030212402344,19369.474609375,8805.5,1226.5,1.5391956567764282,62.16999816894531
2015-02-14,257.3210144042969,,,,,,,,
2015-02-15,234.8249969482422,,,,,,,,
2015-02-16,233.84300231933594,,493.7646484375,279.7040710449219,19189.7265625,8809.349609375,,1.5400489568710327,62.069000244140625
2015-02-17,243.61000061035156,,,,,,1208.0999755859375,1.5356265306472778,62.18600082397461
2015-02-18,236.3260040283203,,497.11785888671875,283.3033447265625,19296.275390625,8869.099609375,1199.699951171875,1.5353436470031738,62.11199951171875
2015-02-19,240.2830047607422,,499.4305419921875,280.1177978515625,19188.078125,8895.2998046875,1207.0999755859375,1.543900728225708,62.07400131225586
2015-02-20,243.7790069580078,,496.3085021972656,273.8294982910156,19073.328125,8833.599609375,1204.4000244140625,1.5419963598251343,62.165000915527344
2015-02-21,244.53399658203125,,,,,,,,
2015-02-22,235.9770050048828,,,,,,,,
2015-02-23,238.89199829101562,,493.74151611328125,272.2160339355469,18913.1796875,8754.9501953125,1200.300048828125,1.5389113426208496,62.10100173950195
2015-02-24,238.73500061035156,,493.81097412109375,269.7752380371094,18883.58203125,8762.099609375,1196.9000244140625,1.5452368259429932,62.17100143432617
2015-02-25,237.47000122070312,,486.780517578125,266.837890625,18732.833984375,8767.25,1201.0,1.545905590057373,62.233001708984375
2015-02-26,236.42599487304688,,480.16650390625,265.8450927734375,18537.884765625,8683.849609375,1209.5999755859375,1.552891492843628,61.87699890136719
2015-02-27,253.8280029296875,,487.4974670410156,277.3873596191406,19074.328125,8844.599609375,1212.5999755859375,1.5418059825897217,61.75400161743164
2015-02-28,254.26300048828125,,,,,,,,
2015-03-01,260.2019958496094,,,,,,,,
2015-03-02,275.6700134277344,,500.7025146484375,288.80548095703125,20007.8671875,8956.75,1207.699951171875,1.5406184196472168,61.6510009765625
2015-03-03,281.7019958496094,,501.07244873046875,288.47454833984375,19960.966796875,8996.25,1204.0,1.5359095335006714,61.9010009765625
2015-03-04,273.0920104980469,,492.7239990234375,289.0537414550781,19643.671875,8922.650390625,1200.5999755859375,1.5366648435592651,61.8129997253418
2015-03-05,276.1780090332031,,501.88177490234375,287.7298889160156,19747.76953125,8937.75,1195.9000244140625,1.52650785446167,62.30500030517578
2015-03-06,272.7229919433594,,,,,,1164.0999755859375,1.5247621536254883,62.44300079345703
2015-03-07,276.260986328125,,,,,,,,
2015-03-08,274.35400390625,,,,,,,,
2015-03-09,289.60699462890625,,489.8100891113281,275.3601989746094,19145.328125,8756.75,1166.4000244140625,1.5057746171951294,62.452999114990234
2015-03-10,291.760009765625,,486.8268127441406,276.0635070800781,19054.1796875,8712.0498046875,1160.0999755859375,1.5104827880859375,62.67300033569336
2015-03-11,296.3789978027344,,488.630615234375,275.236083984375,19043.779296875,8699.9501953125,1150.699951171875,1.508204698562622,62.7130012512207
2015-03-12,294.35400390625,,487.7749328613281,279.8282165527344,19141.626953125,8776.0,1152.0999755859375,1.4932951927185059,62.755001068115234
2015-03-13,285.3370056152344,,482.2479553222656,273.2089538574219,18779.58203125,8647.75,1152.5999755859375,1.4894028902053833,62.53499984741211
2015-03-14,281.885009765625,,,,,,,,
2015-03-15,286.39300537109375,,,,,,,,
2015-03-16,290.5929870605469,,486.3643493652344,274.2431945800781,18837.130859375,8633.150390625,1153.300048828125,1.4755791425704956,63.07600021362305
2015-03-17,285.5050048828125,,489.3707580566406,277.056396484375,19058.029296875,8723.2998046875,1148.300048828125,1.4825797080993652,62.78900146484375
2015-03-18,256.29901123046875,,491.91455078125,277.0149841308594,19147.02734375,8685.900390625,1151.4000244140625,1.47520911693573,62.61600112915039
2015-03-19,260.9280090332031,,486.6648864746094,273.2089538574219,18810.931640625,8634.650390625,1169.0999755859375,1.496199607849121,62.69300079345703
2015-03-20,261.7489929199219,,488.3762512207031,263.61102294921875,18606.1328125,8570.900390625,1184.800048828125,1.4761673212051392,62.483001708984375
2015-03-21,260.0249938964844,,,,,,,,
2015-03-22,267.9599914550781,,,,,,,,
2015-03-23,266.739990234375,,484.6067199707031,259.6394958496094,18448.78515625,8550.900390625,1188.0,1.494321584701538,62.40299987792969
2015-03-24,245.59500122070312,,480.073974609375,258.0673828125,18331.236328125,8542.9501953125,1191.699951171875,1.4951928853988647,62.222999572753906
2015-03-25,246.19700622558594,,478.3626708984375,262.2044677734375,18309.88671875,8530.7998046875,1197.300048828125,1.4833933115005493,62.27799987792969
2015-03-26,248.53199768066406,,465.7358093261719,254.79920959472656,17831.443359375,8342.150390625,1205.0999755859375,1.4877409934997559,62.46200180053711
2015-03-27,247.0290069580078,,469.29730224609375,260.26007080078125,18044.591796875,8341.400390625,1199.800048828125,1.4858399629592896,62.82899856567383
2015-03-28,252.79800415039062,,,,,,,,
2015-03-29,242.71299743652344,,,,,,,,
2015-03-30,247.5260009765625,,479.58843994140625,263.69378662109375,18361.587890625,8492.2998046875,1184.800048828125,1.4885826110839844,62.51499938964844
2015-03-31,244.2239990234375,,473.02056884765625,261.04608154296875,18206.439453125,8491.0,1183.0999755859375,1.4809110164642334,62.50899887084961
2015-04-01,247.27200317382812,,477.9001159667969,267.3757629394531,,8586.25,1208.0999755859375,1.482953429222107,62.305999755859375
2015-04-02,253.0050048828125,,,,,,1200.9000244140625,1.4836794137954712,62.16899871826172
2015-04-03,254.32200622558594,,,,,,,1.4830634593963623,62.060001373291016
2015-04-04,253.69700622558594,,,,,,,,
2015-04-05,260.5979919433594,,,,,,,,
2015-04-06,255.49200439453125,,477.2988586425781,265.8037414550781,18605.232421875,8659.900390625,1218.5999755859375,1.4930721521377563,62.060001373291016
2015-04-07,253.17999267578125,,477.66888427734375,262.6181335449219,18469.0859375,8660.2998046875,1210.5999755859375,1.4890702962875366,62.060001373291016
2015-04-08,245.02200317382812,,478.9639587402344,260.7151794433594,18416.384765625,8714.400390625,1203.0999755859375,1.4823819398880005,62.308998107910156
2015-04-09,243.67599487304688,,488.46875,265.265869140625,18875.630859375,8778.2998046875,1193.5999755859375,1.487851619720459,62.18199920654297
2015-04-10,236.07200622558594,,482.2479553222656,263.3628234863281,,8780.349609375,1204.5999755859375,1.4714971780776978,62.31399917602539
2015-04-11,236.552001953125,,,,,,,,
2015-04-12,236.1529998779297,,,,,,,,
2015-04-13,224.58700561523438,,480.4671630859375,262.2044677734375,,8834.0,1199.300048828125,1.4640644788742065,62.26900100708008
2015-04-14,219.15899658203125,,,,,,1192.800048828125,1.4667917490005493,62.39099884033203
2015-04-15,223.83299255371094,,477.1601257324219,260.6324157714844,18716.083984375,,1201.5,1.4771921634674072,62.31399917602539
2015-04-16,228.572998046875,,476.235107421875,258.5638732910156,18636.833984375,8706.7001953125,1198.0,1.4828435182571411,62.38999938964844
2015-04-17,222.8820037841797,,470.96234130859375,256.578125,,8606.0,1202.9000244140625,1.4921809434890747,62.32600021362305
2015-04-18,223.3560028076172,,,,,,,,
2015-04-19,222.60000610351562,,,,,,,,
2015-04-20,224.62600708007812,,464.880126953125,257.4468688964844,18112.5390625,8448.099609375,1193.5,1.4968267679214478,62.542999267578125
2015-04-21,235.2689971923828,,463.9089050292969,257.19866943359375,18105.5390625,8377.75,1202.9000244140625,1.490979552268982,63.14500045776367
2015-04-22,234.17599487304688,,468.5803527832031,258.9362487792969,18243.486328125,8429.7001953125,1186.9000244140625,1.4935628175735474,62.87799835205078
2015-04-23,236.46200561523438,,468.7653503417969,258.02606201171875,18245.38671875,8398.2998046875,1194.4000244140625,1.5037593841552734,62.935001373291016
2015-04-24,231.26800537109375,,465.504638671875,255.04737854003906,,8305.25,1175.199951171875,1.5052080154418945,63.2869987487793
2015-04-25,226.38999938964844,,,,,,,,
2015-04-26,219.42999267578125,,,,,,,,
2015-04-27,229.28599548339844,,465.0420837402344,250.1243438720703,17767.392578125,8213.7998046875,1203.300048828125,1.517657995223999,63.654998779296875
2015-04-28,225.85499572753906,,464.6258239746094,270.43707275390625,18246.037109375,8285.599609375,1214.0,1.5223711729049683,63.13999938964844
2015-04-29,225.80799865722656,,459.35308837890625,273.1675109863281,18302.4375,8239.75,1209.800048828125,1.533483624458313,63.03300094604492
2015-04-30,236.14500427246094,,457.341064453125,273.99493408203125,,8181.5,1182.4000244140625,1.542686104774475,63.44200134277344
2015-05-01,232.07899475097656,,,,,,1174.5,1.5354615449905396,63.52299880981445
2015-05-02,234.92999267578125,,,,,,,,
2015-05-03,240.35800170898438,,,,,,,,
2015-05-04,239.01800537109375,,462.9607238769531,272.4642639160156,18501.0859375,8331.9501953125,1186.800048828125,1.5146695375442505,63.52299880981445
2015-05-05,236.12100219726562,,456.80914306640625,271.760986328125,18471.234375,8324.7998046875,1193.199951171875,1.5122873783111572,63.59299850463867
2015-05-06,229.78199768066406,,448.9231872558594,258.2743225097656,17799.34375,8097.0,1190.300048828125,1.517427682876587,63.34400177001953
2015-05-07,237.33399963378906,,439.99652099609375,252.02737426757812,17376.69921875,8057.2998046875,1182.4000244140625,1.5242043733596802,63.65999984741211
2015-05-08,243.86300659179688,,454.1959228515625,262.2872009277344,,8191.5,1189.0999755859375,1.5407133102416992,64.08200073242188
2015-05-09,241.83200073242188,,,,,,,,
2015-05-10,240.29600524902344,,,,,,,,
2015-05-11,242.1580047607422,,458.03485107421875,267.6653137207031,18199.5390625,8325.25,1183.199951171875,1.5434004068374634,63.70399856567383
2015-05-12,241.11199951171875,,449.5476379394531,255.0060577392578,17628.4453125,8126.9501953125,1192.5999755859375,1.557705283164978,64.0199966430664
2015-05-13,236.3769989013672,,458.0117492675781,262.8250732421875,18097.23828125,8235.4501953125,1218.4000244140625,1.567103385925293,64.21099853515625
2015-05-14,236.9290008544922,,458.3818054199219,260.59100341796875,18115.98828125,8224.2001953125,1225.4000244140625,1.574009895324707,64.04399871826172
2015-05-15,237.60499572753906,,457.9423522949219,258.43975830078125,,8262.349609375,1225.5,1.5772124528884888,63.40800094604492
2015-05-16,236.1529998779297,,,,,,,,
2015-05-17,236.802001953125,,,,,,,,
2015-05-18,233.1280059814453,,467.0771789550781,261.6666564941406,18422.734375,8373.650390625,1227.800048828125,1.574604868888855,63.43299865722656
2015-05-19,231.94700622558594,,466.0133972167969,260.92205810546875,18380.1875,8365.650390625,1206.9000244140625,1.5663670301437378,63.729000091552734
2015-05-20,234.01800537109375,,473.64495849609375,263.7352294921875,18554.935546875,8423.25,1208.9000244140625,1.5516144037246704,63.78499984741211
2015-05-21,235.343994140625,,473.9455871582031,259.4326171875,18512.935546875,8421.0,1204.4000244140625,1.5542914867401123,63.625
2015-05-22,240.34800720214844,,473.76055908203125,259.4740295410156,,8458.9501953125,1204.300048828125,1.5663915872573853,63.625999450683594
2015-05-23,238.8719940185547,,,,,,,,
2015-05-24,240.9530029296875,,,,,,,,
2015-05-25,237.11000061035156,,473.4137268066406,258.2743225097656,18324.63671875,8370.25,,1.5475084781646729,63.483001708984375
2015-05-26,237.11599731445312,,475.1944580078125,256.24713134765625,18329.087890625,8339.349609375,1187.199951171875,1.5472211837768555,63.57099914550781
2015-05-27,237.2830047607422,,480.16650390625,259.1017150878906,18538.634765625,8334.599609375,1185.9000244140625,1.5398591756820679,63.97600173950195
2015-05-28,237.4080047607422,,476.1194763183594,260.21868896484375,18448.984375,8319.0,1188.0999755859375,1.5350136756896973,63.874000549316406
2015-05-29,237.0959930419922,,485.90179443359375,262.4940185546875,18721.1328125,8433.650390625,1189.4000244140625,1.531909704208374,63.82500076293945
2015-05-30,233.34500122070312,,,,,,,,
2015-05-31,230.19000244140625,,,,,,,,
2015-06-01,222.92599487304688,,479.2646179199219,261.8321228027344,18616.783203125,8433.400390625,1188.300048828125,1.5288883447647095,63.736000061035156
2015-06-02,225.80299377441406,,466.59149169921875,251.9446258544922,17977.091796875,8236.4501953125,1194.0999755859375,1.519987940788269,63.61000061035156
2015-06-03,225.87399291992188,,465.08831787109375,244.704833984375,17721.1953125,8135.10009765625,1184.699951171875,1.5339776277542114,63.6619987487793
2015-06-04,224.32400512695312,,469.4360046386719,244.15777587890625,17718.994140625,8130.64990234375,1174.9000244140625,1.5326610803604126,64.05899810791016
2015-06-05,224.95199584960938,,467.9559631347656,239.10801696777344,17549.046875,8114.7001953125,1167.800048828125,1.5364996194839478,64.0009994506836
2015-06-06,225.61900329589844,,,,,,,,
2015-06-07,222.88099670410156,,,,,,,,
2015-06-08,228.48899841308594,,464.1170654296875,238.3084259033203,17432.396484375,8044.14990234375,1173.199951171875,1.526787519454956,63.762001037597656
2015-06-09,229.04800415039062,,463.3769836425781,241.6328887939453,17489.697265625,8022.39990234375,1177.300048828125,1.5345896482467651,63.97600173950195
2015-06-10,228.80299377441406,,469.7366027832031,246.17771911621094,17707.044921875,8124.4501953125,1186.0999755859375,1.539408802986145,64.03800201416016
2015-06-11,229.7050018310547,,462.61383056640625,242.81118774414062,17304.19921875,7965.35009765625,1179.9000244140625,1.549690842628479,63.79899978637695
2015-06-12,229.98199462890625,,466.75347900390625,249.081298828125,17523.34765625,7982.89990234375,1178.800048828125,1.5508925914764404,63.999000549316406
2015-06-13,232.40199279785156,,,,,,,,
2015-06-14,233.54299926757812,,,,,,,,
2015-06-15,236.822998046875,,464.9264221191406,251.81661987304688,17458.49609375,8013.89990234375,1185.300048828125,1.5561537742614746,64.09200286865234
2015-06-16,250.89500427246094,,466.40655517578125,254.21527099609375,17602.244140625,8047.2998046875,1180.5,1.5596001148223877,64.052001953125
2015-06-17,249.28399658203125,,464.69512939453125,253.62619018554688,17583.845703125,8091.5498046875,1176.4000244140625,1.563966155052185,64.18199920654297
2015-06-18,249.0070037841797,,471.58673095703125,255.30947875976562,17733.34375,8174.60009765625,1201.5,1.5848110914230347,64.00299835205078
2015-06-19,244.6060028076172,,476.62823486328125,256.31939697265625,17880.642578125,8224.9501953125,1201.5,1.587881326675415,63.64500045776367
2015-06-20,245.21200561523438,,,,,,,,
2015-06-21,243.94400024414062,,,,,,,,
2015-06-22,246.99000549316406,,484.3291931152344,265.1565246582031,18334.287109375,8353.099609375,1183.699951171875,1.5885119438171387,63.492000579833984
2015-06-23,244.29600524902344,,486.61865234375,263.8519592285156,18391.13671875,8381.5498046875,1176.199951171875,1.5829297304153442,63.50699996948242
2015-06-24,240.51499938964844,,483.704833984375,267.4289245605469,18365.337890625,8360.849609375,1172.5999755859375,1.5741090774536133,63.599998474121094
2015-06-25,242.7989959716797,,492.5852355957031,264.9461669921875,18492.685546875,8398.0,1171.5,1.570993185043335,63.5620002746582
2015-06-26,243.593994140625,,491.59075927734375,262.33709716796875,18371.287109375,8381.099609375,1172.9000244140625,1.5745056867599487,63.51100158691406
2015-06-27,250.99000549316406,,,,,,,,
2015-06-28,249.01100158691406,,,,,,,,
2015-06-29,257.0639953613281,,488.72314453125,261.916259765625,18241.037109375,8318.400390625,1178.5,1.5693166255950928,63.444000244140625
2015-06-30,263.0719909667969,,493.57965087890625,259.2229919433594,18295.88671875,8368.5,1171.5,1.573192834854126,63.7239990234375
2015-07-01,258.6210021972656,,495.9847106933594,262.75787353515625,18581.3828125,8453.0498046875,1169.0,1.5687012672424316,63.59000015258789
2015-07-02,255.41200256347656,,493.1188049316406,263.4311828613281,18585.333984375,8444.900390625,1163.0,1.5605005025863647,63.57400131225586
2015-07-03,256.33599853515625,,500.59808349609375,264.73577880859375,,8484.900390625,,1.5613046884536743,63.369998931884766
2015-07-04,260.885986328125,,,,,,,,
2015-07-05,271.9129943847656,,,,,,,,
2015-07-06,269.0299987792969,,504.9085998535156,265.24072265625,18824.931640625,8522.150390625,1172.9000244140625,1.555596947669983,63.40399932861328
2015-07-07,266.2070007324219,,506.4697265625,263.09454345703125,18798.28125,8510.7998046875,1152.4000244140625,1.5602084398269653,63.3650016784668
2015-07-08,270.7850036621094,,498.08172607421875,258.8442687988281,18462.935546875,8363.0498046875,1163.300048828125,1.5462881326675415,63.518001556396484
2015-07-09,269.2279968261719,,500.5049743652344,260.4854736328125,18508.484375,8328.5498046875,1159.0,1.536995530128479,63.5620002746582
2015-07-10,284.8940124511719,,508.2870788574219,263.55743408203125,18719.583984375,8360.5498046875,1157.699951171875,1.5373972654342651,63.36399841308594
2015-07-11,293.114990234375,,,,,,,,
2015-07-12,310.86700439453125,,,,,,,,
2015-07-13,292.0539855957031,,510.8034362792969,266.292724609375,18893.33203125,8459.650390625,1155.199951171875,1.5515903234481812,63.35200119018555
2015-07-14,287.4639892578125,,508.79962158203125,263.8099365234375,18779.98046875,8454.099609375,1153.300048828125,1.548227310180664,63.513999938964844
2015-07-15,285.8290100097656,,511.059814453125,264.81988525390625,18816.03125,8523.7998046875,1147.199951171875,1.5636972188949585,63.32400131225586
2015-07-16,278.0889892578125,,519.4476928710938,266.8819274902344,19167.828125,8608.0498046875,1143.800048828125,1.563403844833374,63.52399826049805
2015-07-17,279.47198486328125,,517.5137939453125,267.1764831542969,19094.4765625,8609.849609375,1131.800048828125,1.5613046884536743,63.481998443603516
2015-07-18,274.9010009765625,,,,,,,,
2015-07-19,273.614013671875,,,,,,,,
2015-07-20,278.9809875488281,,519.7039794921875,265.7877502441406,19032.478515625,8603.4501953125,1106.699951171875,1.5600380897521973,63.48400115966797
2015-07-21,275.8330078125,,511.6888732910156,262.1266784667969,18723.18359375,8529.4501953125,1103.4000244140625,1.5573898553848267,63.625
2015-07-22,277.22198486328125,,519.3079223632812,266.6293640136719,18996.779296875,8633.5,1091.4000244140625,1.555596947669983,63.58300018310547
2015-07-23,276.04901123046875,,516.2789306640625,263.3470458984375,18864.78125,8589.7998046875,1094.0,1.5614020824432373,63.66400146484375
2015-07-24,288.27801513671875,,516.2557373046875,252.99497985839844,18635.6328125,8521.5498046875,1085.5999755859375,1.5519516468048096,63.847999572753906
2015-07-25,288.6969909667969,,,,,,,,
2015-07-26,292.6860046386719,,,,,,,,
2015-07-27,293.6239929199219,,510.6636962890625,244.99940490722656,18212.83984375,8361.0,1096.5,1.5522888898849487,64.0999984741211
2015-07-28,294.427001953125,,516.5585327148438,239.86546325683594,18282.587890625,8337.0,1096.300048828125,1.5564203262329102,64.21700286865234
2015-07-29,289.5899963378906,,516.4886474609375,243.4424591064453,18323.1875,8375.0498046875,1092.699951171875,1.5611096620559692,63.8390007019043
2015-07-30,287.72198486328125,,517.5137939453125,244.91522216796875,18440.185546875,8421.7998046875,1088.4000244140625,1.5602084398269653,63.882999420166016
2015-07-31,284.6499938964844,,518.0263671875,254.50982666015625,18729.6328125,8532.849609375,1094.9000244140625,1.5604275465011597,64.11799621582031
2015-08-01,281.60101318359375,,,,,,,,
2015-08-02,282.614013671875,,,,,,,,
2015-08-03,281.22698974609375,,510.4538879394531,263.3470458984375,18914.478515625,8543.0498046875,1089.4000244140625,1.5626953840255737,63.97999954223633
2015-08-04,285.2179870605469,,506.28326416015625,264.31494140625,18972.37890625,8516.900390625,1090.699951171875,1.559040904045105,64.1240005493164
2015-08-05,281.8819885253906,,508.9626770019531,262.04248046875,18928.330078125,8567.9501953125,1085.699951171875,1.5569047927856445,63.819000244140625
2015-08-06,278.5769958496094,,510.7102355957031,261.78997802734375,19029.12890625,8588.650390625,1090.199951171875,1.5605981349945068,63.69599914550781
2015-08-07,279.5849914550781,,509.1725769042969,261.0325622558594,18893.33203125,8564.599609375,1094.0999755859375,1.551421880722046,63.733001708984375
2015-08-08,260.99700927734375,,,,,,,,
2015-08-09,265.0830078125,,,,,,,,
2015-08-10,264.4700012207031,,510.10455322265625,260.5696105957031,18874.78125,8525.599609375,1104.199951171875,1.5494027137756348,63.733001708984375
2015-08-11,270.385986328125,,510.1277160644531,254.38368225097656,18616.68359375,8462.349609375,1107.5999755859375,1.5585306882858276,63.8380012512207
2015-08-12,266.3760070800781,,498.8273010253906,245.4622802734375,18059.541015625,8349.4501953125,1123.199951171875,1.5584092140197754,64.32599639892578
2015-08-13,264.0799865722656,,502.1358947753906,245.6727294921875,18175.189453125,8355.849609375,1115.699951171875,1.561597228050232,64.79900360107422
2015-08-14,265.67999267578125,,513.436279296875,254.67825317382812,18723.3828125,8518.5498046875,1112.9000244140625,1.561792254447937,65.26899719238281
2015-08-15,261.5509948730469,,,,,,,,
2015-08-16,258.5069885253906,,,,,,,,
2015-08-17,257.97601318359375,,508.6366271972656,254.93072509765625,18821.83203125,8477.2998046875,1118.5999755859375,1.5651901960372925,65.12200164794922
2015-08-18,211.07899475097656,,506.2367248535156,253.41571044921875,18780.630859375,8466.5498046875,1117.0999755859375,1.5585062503814697,65.44300079345703
2015-08-19,226.6840057373047,,504.13970947265625,256.2772521972656,18703.033203125,8495.150390625,1128.0999755859375,1.5664896965026855,65.44599914550781
2015-08-20,235.35000610351562,,500.807861328125,251.01710510253906,18282.88671875,8372.75,1153.0,1.568307638168335,65.05400085449219
2015-08-21,232.56900024414062,,494.5634460449219,249.544189453125,18056.990234375,8299.9501953125,1159.5999755859375,1.5690950155258179,65.46099853515625
2015-08-22,230.38999938964844,,,,,,,,
2015-08-23,228.16900634765625,,,,,,,,
2015-08-24,210.4949951171875,,474.8750305175781,227.19886779785156,16811.60546875,7809.0,1153.4000244140625,1.5677913427352905,66.0260009765625
2015-08-25,221.60899353027344,,474.595458984375,238.60299682617188,17192.55078125,7880.7001953125,1138.199951171875,1.5762925148010254,66.80699920654297
2015-08-26,225.83099365234375,,472.2887268066406,234.01609802246094,16917.453125,7791.85009765625,1124.5999755859375,1.5695877075195312,66.28299713134766
2015-08-27,224.7689971923828,,476.29632568359375,237.71929931640625,17214.201171875,7948.9501953125,1122.4000244140625,1.5482032299041748,66.05599975585938
2015-08-28,231.39599609375,,479.02239990234375,238.7713623046875,17211.75,8001.9501953125,1133.0999755859375,1.541401982307434,66.05500030517578
2015-08-29,229.77999877929688,,,,,,,,
2015-08-30,228.76100158691406,,,,,,,,
2015-08-31,230.05599975585938,,478.78936767578125,233.88987731933594,17146.3515625,7971.2998046875,1131.5999755859375,1.5418059825897217,66.14299774169922
2015-09-01,228.12100219726562,,466.0443420410156,228.04051208496094,16530.109375,7785.85009765625,1138.699951171875,1.5363106727600098,66.3499984741211
2015-09-02,229.28399658203125,,463.7377014160156,222.90655517578125,16252.51171875,7717.0,1132.5,1.5305262804031372,66.4229965209961
2015-09-03,227.18299865722656,,470.79754638671875,224.58981323242188,16555.20703125,7823.0,1123.699951171875,1.5308074951171875,66.22599792480469
2015-09-04,230.29800415039062,,464.1571044921875,216.9309539794922,16128.912109375,7655.0498046875,1120.5999755859375,1.526205062866211,66.16000366210938
2015-09-05,235.0189971923828,,,,,,,,
2015-09-06,239.83999633789062,,,,,,,,
2015-09-07,239.8470001220703,,458.75146484375,209.6508331298828,15789.916015625,7558.7998046875,,1.5201033353805542,66.6780014038086
2015-09-08,243.60699462890625,,467.885009765625,219.49795532226562,16350.759765625,7688.25,1120.4000244140625,1.5283042192459106,66.8030014038086
2015-09-09,238.16799926757812,,473.5934753417969,222.65406799316406,16631.306640625,7818.60009765625,1102.199951171875,1.5401912927627563,66.40599822998047
2015-09-10,238.4770050048828,,471.123779296875,225.05270385742188,16597.45703125,7788.10009765625,1109.5,1.5357915163040161,66.59700012207031
2015-09-11,240.10699462890625,,470.8907165527344,225.178955078125,16612.40625,7789.2998046875,1103.5,1.54421067237854,66.31900024414062
2015-09-12,235.22900390625,,,,,,,,
2015-09-13,230.51199340820312,,,,,,,,
2015-09-14,230.6439971923828,,475.1779479980469,229.26089477539062,16911.603515625,7872.25,1107.699951171875,1.5448071956634521,66.23400115966797
2015-09-15,230.3040008544922,,472.1256408691406,225.978515625,16739.35546875,7829.10009765625,1102.800048828125,1.5427099466323853,66.31500244140625
2015-09-16,229.09100341796875,,476.8787841796875,229.63963317871094,,7899.14990234375,1119.199951171875,1.53449547290802,66.43000030517578
2015-09-17,229.80999755859375,,,,,,1117.300048828125,1.5518070459365845,66.19599914550781
2015-09-18,232.97500610351562,,489.18115234375,233.84779357910156,17408.947265625,7981.89990234375,1138.0999755859375,1.5569047927856445,66.12200164794922
2015-09-19,231.4929962158203,,,,,,,,
2015-09-20,231.21200561523438,,,,,,,,
2015-09-21,227.0850067138672,,490.67236328125,235.06814575195312,17542.697265625,7977.10009765625,1133.0999755859375,1.552891492843628,65.86100006103516
2015-09-22,230.6179962158203,,480.2806396484375,227.703857421875,17030.953125,7812.0,1125.0,1.5508204698562622,65.73899841308594
2015-09-23,230.2830047607422,,488.9248352050781,230.06045532226562,17255.099609375,7845.9501953125,1131.5999755859375,1.5353907346725464,65.875
2015-09-24,234.5290069580078,,489.9501037597656,225.81015014648438,,7868.5,1153.800048828125,1.5252039432525635,66.16200256347656
2015-09-25,235.1439971923828,,,,,,1146.0,1.522695779800415,66.22100067138672
2015-09-26,234.33999633789062,,,,,,,,
2015-09-27,232.7570037841797,,,,,,,,
2015-09-28,239.14199829101562,,487.62005615234375,225.64183044433594,17100.1015625,7795.7001953125,1132.0,1.5201727151870728,66.16300201416016
2015-09-29,236.68699645996094,,496.19451904296875,226.3993377685547,17280.998046875,7843.2998046875,1127.0999755859375,1.5165071487426758,66.26000213623047
2015-09-30,236.05999755859375,,498.0584716796875,227.53553771972656,17216.1015625,7948.89990234375,1115.5,1.5157945156097412,65.91999816894531
2015-10-01,237.5489959716797,,497.5225830078125,224.8002166748047,,7950.89990234375,1114.199951171875,1.5124017000198364,65.5270004272461
2015-10-02,237.29299926757812,,,,,,1137.0999755859375,1.5139129161834717,65.61799621582031
2015-10-03,238.72999572753906,,,,,,,,
2015-10-04,238.25900268554688,,,,,,,,
2015-10-05,240.38299560546875,,511.82855224609375,236.4568634033203,17673.845703125,8119.2998046875,1138.0999755859375,1.5194103717803955,65.35700225830078
2015-10-06,246.06300354003906,,506.05029296875,237.9717559814453,17605.14453125,8152.89990234375,1146.800048828125,1.5154958963394165,65.12300109863281
2015-10-07,242.968994140625,,506.8891296386719,238.18218994140625,17616.595703125,8177.39990234375,1149.0,1.5226030349731445,65.18399810791016
2015-10-08,242.3040008544922,,504.72216796875,234.35275268554688,17474.09765625,8129.35009765625,1144.699951171875,1.5315576791763306,64.93900299072266
2015-10-09,243.93099975585938,,506.1435546875,240.79122924804688,17590.044921875,8189.7001953125,1156.300048828125,1.535131573677063,64.99500274658203
2015-10-10,244.9409942626953,,,,,,,,
2015-10-11,247.0500030517578,,,,,,,,
2015-10-12,245.30799865722656,,503.5339050292969,242.0537109375,17582.9453125,8143.60009765625,1164.9000244140625,1.5323086977005005,64.77200317382812
2015-10-13,249.50799560546875,,501.5766906738281,241.92745971679688,17554.646484375,8131.7001953125,1165.800048828125,1.5337893962860107,64.78199768066406
2015-10-14,251.98899841308594,,505.4910888671875,238.09805297851562,17543.046875,8107.89990234375,1180.0999755859375,1.5258090496063232,65.08499908447266
2015-10-15,254.32000732421875,,505.2114562988281,241.00167846679688,17685.89453125,8179.5,1187.9000244140625,1.5480115413665771,64.8489990234375
2015-10-16,262.8689880371094,,512.6209106445312,243.61073303222656,17912.640625,8238.150390625,1183.5999755859375,1.5471972227096558,64.78399658203125
2015-10-17,270.6400146484375,,,,,,,,
2015-10-18,261.64300537109375,,,,,,,,
2015-10-19,263.43701171875,,511.5723571777344,241.71702575683594,17854.84375,8275.0498046875,1173.300048828125,1.543805480003357,64.69499969482422
2015-10-20,269.4630126953125,,510.22100830078125,240.87542724609375,17830.04296875,8261.650390625,1178.0,1.5471972227096558,64.95099639892578
2015-10-21,266.2720031738281,,510.2675476074219,237.92970275878906,17710.345703125,8251.7001953125,1167.5999755859375,1.5449025630950928,64.99400329589844
2015-10-22,274.02301025390625,,,,,,1166.5999755859375,1.5424481630325317,65.15899658203125
2015-10-23,276.4960021972656,,516.5585327148438,240.91748046875,17933.841796875,8295.4501953125,1163.300048828125,1.5383669137954712,65.05000305175781
2015-10-24,281.65399169921875,,,,,,,,
2015-10-25,283.67999267578125,,,,,,,,
2015-10-26,285.29998779296875,,513.2965698242188,240.1600341796875,17814.84375,8260.5498046875,1167.0,1.531745433807373,64.88500213623047
2015-10-27,293.7879943847656,,517.677001953125,238.7713623046875,17806.09375,8232.900390625,1166.800048828125,1.5357915163040161,64.9010009765625
2015-10-28,304.6180114746094,,517.9564819335938,228.2509307861328,17372.94921875,8171.2001953125,1177.0999755859375,1.5312998294830322,65.06700134277344
2015-10-29,313.8550109863281,,514.2518920898438,228.46131896972656,17212.0,8111.75,1147.199951171875,1.5271838903427124,64.94599914550781
2015-10-30,328.0150146484375,,512.4111328125,233.13238525390625,17354.298828125,8065.7998046875,1141.5,1.532379150390625,65.44400024414062
2015-10-31,314.1659851074219,,,,,,,,
2015-11-01,325.4309997558594,,,,,,,,
2015-11-02,361.1889953613281,,504.72216796875,235.27857971191406,17340.3984375,8050.7998046875,1135.800048828125,1.5441631078720093,65.41500091552734
2015-11-03,403.4169921875,,505.5610656738281,235.1944122314453,17325.3984375,8060.7001953125,1114.199951171875,1.542400598526001,65.54100036621094
2015-11-04,411.56298828125,,504.0697021484375,230.06045532226562,17220.8515625,8040.2001953125,1106.5,1.5419248342514038,65.53099822998047
2015-11-05,386.35400390625,,503.2077941894531,227.28305053710938,16994.90234375,7955.4501953125,1104.4000244140625,1.5390061140060425,65.58499908447266
2015-11-06,374.4700012207031,,503.6969909667969,224.8002166748047,,7954.2998046875,1087.5999755859375,1.5210051536560059,65.86000061035156
2015-11-07,386.48199462890625,,,,,,,,
2015-11-08,373.3680114746094,,,,,,,,
2015-11-09,380.2569885253906,,496.19451904296875,221.4757537841797,,7915.2001953125,1087.9000244140625,1.5055025815963745,66.13300323486328
2015-11-10,336.8190002441406,,491.44122314453125,221.18121337890625,,7783.35009765625,1088.199951171875,1.5121043920516968,66.46800231933594
2015-11-11,311.0840148925781,,,,,,1084.699951171875,1.5138899087905884,66.19300079345703
2015-11-12,338.1520080566406,,,,,,1080.800048828125,1.522510290145874,66.06300354003906
2015-11-13,336.75299072265625,,490.2529602050781,220.29750061035156,,7762.25,1080.800048828125,1.5234612226486206,66.0479965209961
2015-11-14,332.906005859375,,,,,,,,
2015-11-15,320.1659851074219,,,,,,,,
2015-11-16,330.7510070800781,,494.4004211425781,224.92649841308594,,7806.60009765625,1083.699951171875,1.5217920541763306,66.0510025024414
2015-11-17,335.093994140625,,494.3304443359375,225.4314422607422,,7837.5498046875,1068.699951171875,1.5204963684082031,65.89700317382812
2015-11-18,334.5899963378906,,488.6452941894531,219.203369140625,,7731.7998046875,1068.800048828125,1.5220005512237549,66.03700256347656
2015-11-19,326.14898681640625,,498.10498046875,224.21109008789062,,7842.75,1078.0,1.5239256620407104,66.07499694824219
2015-11-20,322.0220031738281,,499.0137634277344,222.99072265625,,7856.5498046875,1076.4000244140625,1.5288182497024536,66.08499908447266
2015-11-21,326.927001953125,,,,,,,,
2015-11-22,324.5360107421875,,,,,,,,
2015-11-23,323.0459899902344,,496.7768859863281,223.83233642578125,,7849.25,1066.800048828125,1.518994927406311,66.05000305175781
2015-11-24,320.0459899902344,,495.98468017578125,221.6441192626953,,7831.60009765625,1074.300048828125,1.5129051208496094,66.37100219726562
2015-11-25,328.20599365234375,,,,,,1070.5,1.5085914134979248,66.30000305175781
2015-11-26,352.6839904785156,,495.79833984375,222.191162109375,,7883.7998046875,,1.512355923652649,66.38200378417969
2015-11-27,358.0419921875,,502.99798583984375,227.28305053710938,,7942.7001953125,1056.199951171875,1.5099810361862183,66.55799865722656
2015-11-28,357.3810119628906,,,,,,,,
2015-11-29,371.29400634765625,,,,,,,,
2015-11-30,377.3210144042969,,502.2291259765625,230.228759765625,,7935.25,1065.800048828125,1.5038950443267822,66.9000015258789
2015-12-01,362.4880065917969,,504.6756896972656,230.52333068847656,,7954.89990234375,1063.800048828125,1.5057973861694336,66.50800323486328
2015-12-02,359.18701171875,,502.2524719238281,227.57762145996094,,7931.35009765625,1054.199951171875,1.5077953338623047,66.46099853515625
2015-12-03,361.0459899902344,,501.7631530761719,223.70611572265625,,7864.14990234375,1061.699951171875,1.4949023723602295,66.55699920654297
2015-12-04,363.1830139160156,,493.4450988769531,220.0449981689453,,7781.89990234375,1084.5,1.513500452041626,66.8030014038086
2015-12-05,388.9490051269531,,,,,,,,
2015-12-06,388.7829895019531,,,,,,,,
2015-12-07,395.5360107421875,,494.8663330078125,221.3916473388672,,7765.39990234375,1076.4000244140625,1.511258840560913,66.63600158691406
2015-12-08,415.56298828125,,488.9481506347656,220.0449981689453,,7701.7001953125,1076.300048828125,1.5050268173217773,66.76799774169922
2015-12-09,417.56298828125,,488.109375,218.36172485351562,,7612.5,1077.5999755859375,1.5010056495666504,66.83300018310547
2015-12-10,415.47900390625,,494.2372741699219,217.94091796875,,7683.2998046875,1073.0999755859375,1.5183953046798706,66.88999938964844
2015-12-11,451.93798828125,,487.59674072265625,209.8191680908203,,7610.4501953125,1076.9000244140625,1.516093373298645,66.78600311279297
2015-12-12,434.99700927734375,,,,,,,,
2015-12-13,433.7550048828125,,,,,,,,
2015-12-14,444.1820068359375,,491.65093994140625,209.5666961669922,,7650.0498046875,1064.699951171875,1.5198955535888672,67.14099884033203
2015-12-15,465.3210144042969,,493.7012939453125,207.37841796875,16398.458984375,7700.89990234375,1062.9000244140625,1.5160702466964722,67.07099914550781
2015-12-16,454.9339904785156,,497.3594665527344,212.1336669921875,,7750.89990234375,1078.0,1.5043702125549316,66.90299987792969
2015-12-17,456.0780029296875,,503.3940734863281,213.05946350097656,,7844.35009765625,1050.800048828125,1.497790813446045,66.4280014038086
2015-12-18,463.6159973144531,,500.0155944824219,210.4924774169922,,7761.9501953125,1066.199951171875,1.4929606914520264,66.45899963378906
2015-12-19,462.3219909667969,,,,,,,,
2015-12-20,442.68499755859375,,,,,,,,
2015-12-21,438.6390075683594,,501.1340026855469,217.30967712402344,,7834.4501953125,1081.9000244140625,1.4908239841461182,66.24800109863281
2015-12-22,436.5719909667969,,496.9633483886719,218.44589233398438,,7786.10009765625,1074.800048828125,1.4896912574768066,66.26899719238281
2015-12-23,442.4010009765625,,500.5281677246094,220.38165283203125,,7865.9501953125,1069.4000244140625,1.4823379516601562,66.24299621582031
2015-12-24,454.9849853515625,,500.48162841796875,217.0992889404297,,7861.0498046875,1077.199951171875,1.4876967668533325,66.15399932861328
2015-12-25,455.65301513671875,,,,,,,1.491424322128296,65.94000244140625
2015-12-26,417.27398681640625,,,,,,,,
2015-12-27,422.822998046875,,,,,,,,
2015-12-28,422.27899169921875,,501.99615478515625,222.2332305908203,,7925.14990234375,1070.5,1.4932059049606323,65.94000244140625
2015-12-29,432.9830017089844,,502.32232666015625,222.8223876953125,,7928.9501953125,1077.5,1.4894028902053833,66.13400268554688
2015-12-30,426.6199951171875,,500.6214294433594,220.802490234375,,7896.25,1060.0999755859375,1.4822280406951904,66.26000213623047
2015-12-31,430.5669860839844,,504.2795104980469,219.96084594726562,,7946.35009765625,1060.300048828125,1.481920599937439,66.45500183105469
2016-01-01,434.3340148925781,,507.3551025390625,221.34954833984375,,,,1.4738394021987915,66.19300079345703
2016-01-02,433.43798828125,,,,,,,,
2016-01-03,430.010986328125,,,,,,,,
2016-01-04,433.09100341796875,,498.8506164550781,215.079345703125,,7791.2998046875,1075.0999755859375,1.473708987236023,66.19300079345703
2016-01-05,431.9599914550781,,495.0760498046875,216.0472412109375,,7784.64990234375,1078.4000244140625,1.4714103937149048,66.60099792480469
2016-01-06,429.1050109863281,,497.26617431640625,210.4924774169922,,7741.0,1091.9000244140625,1.467394471168518,66.52400207519531
2016-01-07,458.0480041503906,,492.1868591308594,207.67298889160156,,7568.2998046875,1107.699951171875,1.4629936218261719,66.7239990234375
2016-01-08,453.2300109863281,,495.0527038574219,206.24220275878906,,7601.35009765625,1097.800048828125,1.4626940488815308,66.9209976196289
2016-01-09,447.6109924316406,,,,,,,,
2016-01-10,447.9909973144531,,,,,,,,
2016-01-11,448.4280090332031,,493.30523681640625,201.52908325195312,,7563.85009765625,1096.5,1.45249605178833,66.83999633789062
2016-01-12,435.69000244140625,,487.8763122558594,199.2566375732422,,7510.2998046875,1085.5999755859375,1.454397439956665,66.79299926757812
2016-01-13,432.3710021972656,,494.0274963378906,201.57115173339844,,7562.39990234375,1087.5,1.4436262845993042,66.91999816894531
2016-01-14,430.3059997558594,,489.18115234375,198.41502380371094,15609.6181640625,7536.7998046875,1073.9000244140625,1.4407975673675537,66.93599700927734
2016-01-15,364.33099365234375,,485.6396179199219,188.9045867919922,,7437.7998046875,1091.5,1.442710041999817,67.30400085449219
2016-01-16,387.5360107421875,,,,,,,,
2016-01-17,382.29901123046875,,,,,,,,
2016-01-18,387.1679992675781,,478.0438232421875,187.76837158203125,,7351.0,,1.4274091720581055,67.76699829101562
2016-01-19,380.14898681640625,,482.6805419921875,192.52362060546875,,7435.10009765625,1089.9000244140625,1.4253135919570923,67.71099853515625
2016-01-20,420.2300109863281,,474.5255126953125,188.8625030517578,,7309.2998046875,1107.0999755859375,1.4182385206222534,67.76699829101562
2016-01-21,410.2619934082031,,476.7156982421875,190.4615936279297,,7276.7998046875,1099.0999755859375,1.4198495149612427,67.9489974975586
2016-01-22,382.49200439453125,,480.1175231933594,195.89012145996094,,7422.4501953125,1097.199951171875,1.4226775169372559,67.80799865722656
2016-01-23,387.4909973144531,,,,,,,,
2016-01-24,402.97100830078125,,,,,,,,
2016-01-25,391.72601318359375,,485.1736145019531,198.6675262451172,15560.9697265625,7436.14990234375,1106.199951171875,1.4260046482086182,67.54100036621094
2016-01-26,392.15301513671875,,,,,,1121.699951171875,1.4242985248565674,67.74099731445312
2016-01-27,394.97198486328125,,482.6106262207031,199.71957397460938,,7437.75,1116.0999755859375,1.434308648109436,67.7699966430664
2016-01-28,380.28900146484375,,480.7698974609375,196.26885986328125,,7424.64990234375,1115.5999755859375,1.4249074459075928,68.19599914550781
2016-01-29,379.4739990234375,,489.22772216796875,193.70188903808594,,7563.5498046875,1116.4000244140625,1.4362038373947144,68.09300231933594
2016-01-30,378.2550048828125,,,,,,,,
2016-01-31,368.7669982910156,,,,,,,,
2016-02-01,373.0559997558594,,493.8412170410156,182.80271911621094,,7555.9501953125,1127.9000244140625,1.4246028661727905,67.87000274658203
2016-02-02,374.447998046875,,491.0685119628906,177.07962036132812,,7455.5498046875,1127.300048828125,1.4427932500839233,67.88200378417969
2016-02-03,369.9490051269531,,486.4317932128906,171.73526000976562,,7361.7998046875,1141.300048828125,1.4409221410751343,67.98600006103516
2016-02-04,389.593994140625,,488.9248352050781,171.65106201171875,,7404.0,1157.5999755859375,1.4585764408111572,67.927001953125
2016-02-05,386.54901123046875,,491.744140625,176.2379913330078,,7489.10009765625,1157.800048828125,1.4581085443496704,67.56400299072266
2016-02-06,376.5220031738281,,,,,,,,
2016-02-07,376.6199951171875,,,,,,,,
2016-02-08,373.4469909667969,,482.70379638671875,175.5225830078125,15046.625,7387.25,1197.9000244140625,1.4512102603912354,67.802001953125
2016-02-09,376.02899169921875,,478.13702392578125,176.2379913330078,,7298.2001953125,1198.699951171875,1.4436055421829224,68.07599639892578
2016-02-10,381.64898681640625,,472.0325012207031,174.42848205566406,,7215.7001953125,1194.699951171875,1.446591854095459,67.9280014038086
2016-02-11,379.65399169921875,,454.4876403808594,167.69541931152344,,6976.35009765625,1247.9000244140625,1.452643871307373,67.89299774169922
2016-02-12,384.26300048828125,,452.67022705078125,162.89808654785156,,6980.9501953125,1239.0999755859375,1.4482258558273315,68.4739990234375
2016-02-13,391.8599853515625,,,,,,,,
2016-02-14,407.2300109863281,,,,,,,,
2016-02-15,400.18499755859375,,453.6954040527344,171.27236938476562,,7162.9501953125,,1.4518002271652222,68.11100006103516
2016-02-16,407.4880065917969,,453.62554931640625,165.465087890625,,7048.25,1207.9000244140625,1.4459224939346313,68.13700103759766
2016-02-17,416.3219909667969,,454.30126953125,160.54153442382812,,7108.4501953125,1211.0999755859375,1.4303901195526123,68.50599670410156
2016-02-18,422.37298583984375,,461.0815124511719,165.08636474609375,,7191.75,1226.0999755859375,1.4281632900238037,68.35600280761719
2016-02-19,420.7850036621094,,461.0115966796875,167.31666564941406,14344.033203125,7210.75,1230.4000244140625,1.4333218336105347,68.56600189208984
2016-02-20,437.16400146484375,,,,,,,,
2016-02-21,438.7980041503906,,,,,,,,
2016-02-22,437.74798583984375,,460.75531005859375,167.02210998535156,,7234.5498046875,1209.5,1.426594614982605,68.53800201416016
2016-02-23,420.7359924316406,,452.0411376953125,161.5935821533203,,7109.5498046875,1222.300048828125,1.4148073196411133,68.5739974975586
2016-02-24,424.9549865722656,,442.5114440917969,157.3853759765625,,7018.7001953125,1238.699951171875,1.4013453722000122,68.60299682617188
2016-02-25,424.54400634765625,,439.2727966308594,154.0188751220703,13555.54296875,6970.60009765625,1238.199951171875,1.3929517269134521,68.3759994506836
2016-02-26,432.1520080566406,,447.8238220214844,155.53382873535156,,7029.75,1219.800048828125,1.3966480493545532,68.7969970703125
2016-02-27,432.5190124511719,,,,,,,,
2016-02-28,433.5039978027344,,,,,,,,
2016-02-29,437.6969909667969,,452.87994384765625,159.952392578125,,6987.0498046875,1233.9000244140625,1.3861935138702393,68.7300033569336
2016-03-01,435.12298583984375,,458.6117248535156,172.49270629882812,,7222.2998046875,1230.300048828125,1.3927963972091675,68.21800231933594
2016-03-02,423.989013671875,,469.3529968261719,185.15928649902344,,7368.85009765625,1241.0999755859375,1.3963944911956787,67.74600219726562
2016-03-03,421.6510009765625,,473.3838195800781,183.47604370117188,,7475.60009765625,1257.4000244140625,1.408093810081482,67.38800048828125
2016-03-04,410.9389953613281,,475.57403564453125,185.58010864257812,,7485.35009765625,1269.9000244140625,1.4174946546554565,67.14299774169922
2016-03-05,400.57000732421875,,,,,,,,
2016-03-06,407.7070007324219,,,,,,,,
2016-03-07,414.3210144042969,,,,,,1263.199951171875,1.4215044975280762,66.93000030517578
2016-03-08,413.97198486328125,,472.5916442871094,182.5081329345703,,7485.2998046875,1262.0999755859375,1.4261265993118286,67.0459976196289
2016-03-09,414.8599853515625,,477.5545349121094,182.0873260498047,,7531.7998046875,1256.5999755859375,1.4208581447601318,67.35700225830078
2016-03-10,417.1310119628906,,475.9002685546875,181.3719482421875,,7486.14990234375,1272.0,1.42069673538208,67.1449966430664
2016-03-11,421.69000244140625,,479.37188720703125,179.9832763671875,,7510.2001953125,1258.699951171875,1.4287755489349365,67.30899810791016
2016-03-12,411.6239929199219,,,,,,,,
2016-03-13,414.06500244140625,,,,,,,,
2016-03-14,416.43798828125,,478.8360595703125,186.5480194091797,,7538.75,1244.4000244140625,1.4380005598068237,66.91300201416016
2016-03-15,416.8299865722656,,478.43994140625,186.29550170898438,,7460.60009765625,1230.4000244140625,1.4282041788101196,67.17400360107422
2016-03-16,417.010986328125,,480.1873474121094,190.54574584960938,,7498.75,1229.300048828125,1.4156285524368286,67.35900115966797
2016-03-17,420.6210021972656,,474.5721740722656,191.6819610595703,,7512.5498046875,1264.5,1.4255167245864868,66.83000183105469
2016-03-18,409.5480041503906,,479.23211669921875,193.7439727783203,,7604.35009765625,1253.800048828125,1.4478065967559814,66.61199951171875
2016-03-19,410.4440002441406,,,,,,,,
2016-03-20,413.7550048828125,,,,,,,,
2016-03-21,413.3070068359375,,487.24725341796875,197.65756225585938,,7704.25,1243.800048828125,1.4468011856079102,66.3759994506836
2016-03-22,418.0889892578125,,491.0917663574219,196.6055145263672,,7714.89990234375,1248.199951171875,1.4370087385177612,66.5199966430664
2016-03-23,418.0409851074219,,488.99481201171875,197.1104736328125,,7716.5,1223.699951171875,1.4224953651428223,66.76399993896484
2016-03-24,416.3940124511719,,,,,,1221.4000244140625,1.411691665649414,66.9020004272461
2016-03-25,417.177001953125,,,,,,,1.4130080938339233,66.90699768066406
2016-03-26,417.94500732421875,,,,,,,,
2016-03-27,426.7650146484375,,,,,,,,
2016-03-28,424.2309875488281,,488.1326904296875,189.74618530273438,,7615.10009765625,1219.9000244140625,1.413107991218567,66.90699768066406
2016-03-29,416.5159912109375,,491.0685119628906,188.0208740234375,,7597.0,1235.5999755859375,1.4263300895690918,66.90699768066406
2016-03-30,414.8160095214844,,496.2642822265625,199.88790893554688,,7735.2001953125,1226.9000244140625,1.438641905784607,66.36799621582031
2016-03-31,416.72900390625,,499.1535339355469,199.1724853515625,,7738.39990234375,1234.199951171875,1.4374011754989624,66.36799621582031
2016-04-01,417.9599914550781,,496.0313720703125,200.56118774414062,,7713.0498046875,1222.199951171875,1.4366991519927979,66.24800109863281
2016-04-02,420.87298583984375,,,,,,,,
2016-04-03,420.90399169921875,,,,,,,,
2016-04-04,421.4440002441406,,498.17498779296875,200.93991088867188,16190.4111328125,7758.7998046875,1218.0,1.422454833984375,66.35800170898438
2016-04-05,424.0299987792969,,492.7693176269531,189.8724365234375,,7603.2001953125,1228.4000244140625,1.4264928102493286,66.13300323486328
2016-04-06,423.4129943847656,,494.6566162109375,187.3054656982422,,7614.35009765625,1222.5,1.4156285524368286,66.46800231933594
2016-04-07,422.7449951171875,,491.8607177734375,185.41177368164062,,7546.4501953125,1236.199951171875,1.4138071537017822,66.53299713134766
2016-04-08,420.3489990234375,,493.6546936035156,186.21133422851562,,7555.2001953125,1242.5,1.4057974815368652,66.77899932861328
2016-04-09,419.4110107421875,,,,,,,,
2016-04-10,421.5639953613281,,,,,,,,
2016-04-11,422.4830017089844,,499.0602722167969,189.11497497558594,,7671.39990234375,1256.699951171875,1.4130080938339233,66.54399871826172
2016-04-12,425.19000244140625,,495.35565185546875,192.52362060546875,,7708.9501953125,1259.4000244140625,1.4234064817428589,66.29000091552734
2016-04-13,423.7340087890625,,504.0931091308594,202.5390167236328,,7850.4501953125,1246.800048828125,1.4268999099731445,66.31500244140625
2016-04-14,424.2820129394531,,,,,,1225.0,1.4192047119140625,66.5250015258789
2016-04-15,429.7130126953125,,,,,,1233.0999755859375,1.4146071672439575,66.63700103759766
2016-04-16,430.5719909667969,,,,,,,,
2016-04-17,427.39898681640625,,,,,,,,
2016-04-18,428.59100341796875,,506.912353515625,199.59329223632812,,7914.7001953125,1233.5999755859375,1.4174344539642334,66.65299987792969
2016-04-19,435.5090026855469,,,,,,1253.0,1.4289796352386475,66.40899658203125
2016-04-20,441.3890075683594,,511.5956726074219,200.3507843017578,,7914.75,1253.199951171875,1.4389524459838867,66.22200012207031
2016-04-21,449.42498779296875,,508.47344970703125,212.97528076171875,,7912.0498046875,1249.0,1.4338973760604858,66.2040023803711
2016-04-22,445.73699951171875,,508.9394836425781,212.09156799316406,,7899.2998046875,1228.699951171875,1.432295322418213,66.51200103759766
2016-04-23,450.2820129394531,,,,,,,,
2016-04-24,458.55499267578125,,,,,,,,
2016-04-25,461.4259948730469,,509.4520263671875,212.89109802246094,,7855.0498046875,1238.9000244140625,1.4446691274642944,66.65299987792969
2016-04-26,466.0889892578125,,519.0515747070312,213.81692504882812,,7962.64990234375,1242.199951171875,1.4490653276443481,66.70500183105469
2016-04-27,444.68701171875,,523.8746337890625,205.8634796142578,,7979.89990234375,1249.199951171875,1.457726001739502,66.45700073242188
2016-04-28,449.010986328125,,519.0982666015625,202.0760955810547,,7847.25,1265.5,1.4542070627212524,66.3550033569336
2016-04-29,455.09698486328125,,527.672607421875,199.42495727539062,,7849.7998046875,1289.199951171875,1.4611338376998901,66.43800354003906
2016-04-30,448.3179931640625,,,,,,,,
2016-05-01,451.875,,,,,,,,
2016-05-02,444.66900634765625,,520.8223876953125,190.84033203125,,7805.89990234375,1294.699951171875,1.460